<?xml version="1.0" encoding="UTF-8"?>
<!DOCTYPE nmaprun>
<?xml-stylesheet href="/home/ubuntu/Results/nmap-bootstrap.xsl" type="text/xsl"?>
<!-- Nmap 7.80 scan initiated Fri Apr 26 13:40:09 2024 as: nmap -sC -sV -p20,21,22,23,25,53,80,110,443 -oX /home/ubuntu/Results/result.xml -&#45;stylesheet /home/ubuntu/Results/nmap-bootstrap.xsl 0.0.0.0 -->
<nmaprun scanner="nmap" args="nmap -sC -sV -p20,21,22,23,25,53,80,110,443 -oX /home/ubuntu/Results/result.xml -&#45;stylesheet /home/ubuntu/Results/nmap-bootstrap.xsl 0.0.0.0" start="1714119009" startstr="Fri Apr 26 13:40:09 2024" version="7.80" xmloutputversion="1.04">
<scaninfo type="syn" protocol="tcp" numservices="9" services="20-23,25,53,80,110,443"/>
<verbose level="0"/>
<debugging level="0"/>
<host starttime="1714119009" endtime="1714119098"><status state="up" reason="localhost-response" reason_ttl="0"/>
<address addr="0.0.0.0" addrtype="ipv4"/>
<hostnames>
</hostnames>
<ports><port protocol="tcp" portid="20"><state state="filtered" reason="no-response" reason_ttl="0"/><service name="ftp-data" method="table" conf="3"/></port>
<port protocol="tcp" portid="21"><state state="filtered" reason="no-response" reason_ttl="0"/><service name="ftp" method="table" conf="3"/></port>
<port protocol="tcp" portid="22"><state state="filtered" reason="no-response" reason_ttl="0"/><service name="ssh" method="table" conf="3"/></port>
<port protocol="tcp" portid="23"><state state="filtered" reason="no-response" reason_ttl="0"/><service name="telnet" method="table" conf="3"/></port>
<port protocol="tcp" portid="25"><state state="filtered" reason="no-response" reason_ttl="0"/><service name="smtp" method="table" conf="3"/></port>
<port protocol="tcp" portid="53"><state state="filtered" reason="no-response" reason_ttl="0"/><service name="domain" method="table" conf="3"/></port>
<port protocol="tcp" portid="80"><state state="open" reason="syn-ack" reason_ttl="64"/><service name="http" product="Werkzeug/3.0.2 Python/3.10.12" servicefp="SF-Port80-TCP:V=7.80%I=7%D=4/26%Time=662B6169%P=x86_64-pc-linux-gnu%r(GetRequest,34D8,&quot;HTTP/1\.1\x20200\x20OK\r\nServer:\x20Werkzeug/3\.0\.2\x20Python/3\.10\.12\r\nDate:\x20Fri,\x2026\x20Apr\x202024\x2008:10:17\x20GMT\r\nContent-Type:\x20text/html;\x20charset=utf-8\r\nContent-Length:\x2013351\r\nConnection:\x20close\r\n\r\n&lt;!DOCTYPE\x20html&gt;\n&lt;html\x20lang=\&quot;en\&quot;&gt;\n&lt;head&gt;\n\x20\x20\x20\x20&lt;meta\x20charset=\&quot;utf-8\&quot;&gt;\n\x20\x20\x20\x20&lt;title&gt;Sentinel\x20-\x20Your\x20Ultimate\x20Cyber\x20Fortress&lt;/title&gt;\n\x20\x20\x20\x20&lt;meta\x20content=\&quot;width=device-width,\x20initial-scale=1\.0\&quot;\x20name=\&quot;viewport\&quot;&gt;\n\x20\x20\x20\x20&lt;meta\x20content=\&quot;\&quot;\x20name=\&quot;keywords\&quot;&gt;\n\x20\x20\x20\x20&lt;meta\x20content=\&quot;\&quot;\x20name=\&quot;description\&quot;&gt;\n\x20\x20\x20\x20&lt;link\x20href=\&quot;/static/img/favicon\.png\&quot;\x20rel=\&quot;icon\&quot;\x20type=\&quot;image/x-icon\&quot;&gt;\n\x20\x20\x20\x20&lt;link\x20href=\&quot;https://fonts\.googleapis\.com/css2\?family=Heebo:wght@400;500&amp;family=Jost:wght@500;600;700&amp;display=swap\&quot;\x20rel=\&quot;stylesheet\&quot;&gt;\n\x20\x20\x20\x20&lt;link\x20href=\&quot;/static/lib/animate/animate\.min\.css\&quot;\x20rel=\&quot;stylesheet\&quot;&gt;\n\x20\x20\x20\x20&lt;link\x20href=\&quot;/static/lib/owlcarousel/assets/owl\.carousel\.min\.css\&quot;\x20rel=\&quot;stylesheet\&quot;&gt;\n\x20\x20\x20\x20&lt;link\x20href=\&quot;/static/lib/lightbox/css/lightbox\.min\.css\&quot;\x20rel=\&quot;stylesheet\&quot;&quot;)%r(HTTPOptions,C8,&quot;HTTP/1\.1\x20200\x20OK\r\nServer:\x20Werkzeug/3\.0\.2\x20Python/3\.10\.12\r\nDate:\x20Fri,\x2026\x20Apr\x202024\x2008:10:17\x20GMT\r\nContent-Type:\x20text/html;\x20charset=utf-8\r\nAllow:\x20OPTIONS,\x20GET,\x20HEAD\r\nContent-Length:\x200\r\nConnection:\x20close\r\n\r\n&quot;)%r(RTSPRequest,1F4,&quot;&lt;!DOCTYPE\x20HTML\x20PUBLIC\x20\&quot;-//W3C//DTD\x20HTML\x204\.01//EN\&quot;\n\x20\x20\x20\x20\x20\x20\x20\x20\&quot;http://www\.w3\.org/TR/html4/strict\.dtd\&quot;&gt;\n&lt;html&gt;\n\x20\x20\x20\x20&lt;head&gt;\n\x20\x20\x20\x20\x20\x20\x20\x20&lt;meta\x20http-equiv=\&quot;Content-Type\&quot;\x20content=\&quot;text/html;charset=utf-8\&quot;&gt;\n\x20\x20\x20\x20\x20\x20\x20\x20&lt;title&gt;Error\x20response&lt;/title&gt;\n\x20\x20\x20\x20&lt;/head&gt;\n\x20\x20\x20\x20&lt;body&gt;\n\x20\x20\x20\x20\x20\x20\x20\x20&lt;h1&gt;Error\x20response&lt;/h1&gt;\n\x20\x20\x20\x20\x20\x20\x20\x20&lt;p&gt;Error\x20code:\x20400&lt;/p&gt;\n\x20\x20\x20\x20\x20\x20\x20\x20&lt;p&gt;Message:\x20Bad\x20request\x20version\x20\(&apos;RTSP/1\.0&apos;\)\.&lt;/p&gt;\n\x20\x20\x20\x20\x20\x20\x20\x20&lt;p&gt;Error\x20code\x20explanation:\x20HTTPStatus\.BAD_REQUEST\x20-\x20Bad\x20request\x20syntax\x20or\x20unsupported\x20method\.&lt;/p&gt;\n\x20\x20\x20\x20&lt;/body&gt;\n&lt;/html&gt;\n&quot;);" method="probed" conf="10"/><script id="fingerprint-strings" output="&#xa;  GetRequest: &#xa;    HTTP/1.1 200 OK&#xa;    Server: Werkzeug/3.0.2 Python/3.10.12&#xa;    Date: Fri, 26 Apr 2024 08:10:17 GMT&#xa;    Content-Type: text/html; charset=utf-8&#xa;    Content-Length: 13351&#xa;    Connection: close&#xa;    &lt;!DOCTYPE html&gt;&#xa;    &lt;html lang=&quot;en&quot;&gt;&#xa;    &lt;head&gt;&#xa;    &lt;meta charset=&quot;utf-8&quot;&gt;&#xa;    &lt;title&gt;Sentinel - Your Ultimate Cyber Fortress&lt;/title&gt;&#xa;    &lt;meta content=&quot;width=device-width, initial-scale=1.0&quot; name=&quot;viewport&quot;&gt;&#xa;    &lt;meta content=&quot;&quot; name=&quot;keywords&quot;&gt;&#xa;    &lt;meta content=&quot;&quot; name=&quot;description&quot;&gt;&#xa;    &lt;link href=&quot;/static/img/favicon.png&quot; rel=&quot;icon&quot; type=&quot;image/x-icon&quot;&gt;&#xa;    &lt;link href=&quot;https://fonts.googleapis.com/css2?family=Heebo:wght@400;500&amp;family=Jost:wght@500;600;700&amp;display=swap&quot; rel=&quot;stylesheet&quot;&gt;&#xa;    &lt;link href=&quot;/static/lib/animate/animate.min.css&quot; rel=&quot;stylesheet&quot;&gt;&#xa;    &lt;link href=&quot;/static/lib/owlcarousel/assets/owl.carousel.min.css&quot; rel=&quot;stylesheet&quot;&gt;&#xa;    &lt;link href=&quot;/static/lib/lightbox/css/lightbox.min.css&quot; rel=&quot;stylesheet&quot;&#xa;  HTTPOptions: &#xa;    HTTP/1.1 200 OK&#xa;    Server: Werkzeug/3.0.2 Python/3.10.12&#xa;    Date: Fri, 26 Apr 2024 08:10:17 GMT&#xa;    Content-Type: text/html; charset=utf-8&#xa;    Allow: OPTIONS, GET, HEAD&#xa;    Content-Length: 0&#xa;    Connection: close&#xa;  RTSPRequest: &#xa;    &lt;!DOCTYPE HTML PUBLIC &quot;-//W3C//DTD HTML 4.01//EN&quot;&#xa;    &quot;http://www.w3.org/TR/html4/strict.dtd&quot;&gt;&#xa;    &lt;html&gt;&#xa;    &lt;head&gt;&#xa;    &lt;meta http-equiv=&quot;Content-Type&quot; content=&quot;text/html;charset=utf-8&quot;&gt;&#xa;    &lt;title&gt;Error response&lt;/title&gt;&#xa;    &lt;/head&gt;&#xa;    &lt;body&gt;&#xa;    &lt;h1&gt;Error response&lt;/h1&gt;&#xa;    &lt;p&gt;Error code: 400&lt;/p&gt;&#xa;    &lt;p&gt;Message: Bad request version (&apos;RTSP/1.0&apos;).&lt;/p&gt;&#xa;    &lt;p&gt;Error code explanation: HTTPStatus.BAD_REQUEST - Bad request syntax or unsupported method.&lt;/p&gt;&#xa;    &lt;/body&gt;&#xa;    &lt;/html&gt;"><elem key="GetRequest">&#xa;    HTTP/1.1 200 OK&#xa;    Server: Werkzeug/3.0.2 Python/3.10.12&#xa;    Date: Fri, 26 Apr 2024 08:10:17 GMT&#xa;    Content-Type: text/html; charset=utf-8&#xa;    Content-Length: 13351&#xa;    Connection: close&#xa;    &lt;!DOCTYPE html&gt;&#xa;    &lt;html lang=&quot;en&quot;&gt;&#xa;    &lt;head&gt;&#xa;    &lt;meta charset=&quot;utf-8&quot;&gt;&#xa;    &lt;title&gt;Sentinel - Your Ultimate Cyber Fortress&lt;/title&gt;&#xa;    &lt;meta content=&quot;width=device-width, initial-scale=1.0&quot; name=&quot;viewport&quot;&gt;&#xa;    &lt;meta content=&quot;&quot; name=&quot;keywords&quot;&gt;&#xa;    &lt;meta content=&quot;&quot; name=&quot;description&quot;&gt;&#xa;    &lt;link href=&quot;/static/img/favicon.png&quot; rel=&quot;icon&quot; type=&quot;image/x-icon&quot;&gt;&#xa;    &lt;link href=&quot;https://fonts.googleapis.com/css2?family=Heebo:wght@400;500&amp;family=Jost:wght@500;600;700&amp;display=swap&quot; rel=&quot;stylesheet&quot;&gt;&#xa;    &lt;link href=&quot;/static/lib/animate/animate.min.css&quot; rel=&quot;stylesheet&quot;&gt;&#xa;    &lt;link href=&quot;/static/lib/owlcarousel/assets/owl.carousel.min.css&quot; rel=&quot;stylesheet&quot;&gt;&#xa;    &lt;link href=&quot;/static/lib/lightbox/css/lightbox.min.css&quot; rel=&quot;stylesheet&quot;</elem>
<elem key="HTTPOptions">&#xa;    HTTP/1.1 200 OK&#xa;    Server: Werkzeug/3.0.2 Python/3.10.12&#xa;    Date: Fri, 26 Apr 2024 08:10:17 GMT&#xa;    Content-Type: text/html; charset=utf-8&#xa;    Allow: OPTIONS, GET, HEAD&#xa;    Content-Length: 0&#xa;    Connection: close</elem>
<elem key="RTSPRequest">&#xa;    &lt;!DOCTYPE HTML PUBLIC &quot;-//W3C//DTD HTML 4.01//EN&quot;&#xa;    &quot;http://www.w3.org/TR/html4/strict.dtd&quot;&gt;&#xa;    &lt;html&gt;&#xa;    &lt;head&gt;&#xa;    &lt;meta http-equiv=&quot;Content-Type&quot; content=&quot;text/html;charset=utf-8&quot;&gt;&#xa;    &lt;title&gt;Error response&lt;/title&gt;&#xa;    &lt;/head&gt;&#xa;    &lt;body&gt;&#xa;    &lt;h1&gt;Error response&lt;/h1&gt;&#xa;    &lt;p&gt;Error code: 400&lt;/p&gt;&#xa;    &lt;p&gt;Message: Bad request version (&apos;RTSP/1.0&apos;).&lt;/p&gt;&#xa;    &lt;p&gt;Error code explanation: HTTPStatus.BAD_REQUEST - Bad request syntax or unsupported method.&lt;/p&gt;&#xa;    &lt;/body&gt;&#xa;    &lt;/html&gt;</elem>
</script><script id="http-server-header" output="Werkzeug/3.0.2 Python/3.10.12"><elem>Werkzeug/3.0.2 Python/3.10.12</elem>
</script><script id="http-title" output="CyberFort - Your Ultimate Cyber Fortress"><elem key="title">CyberFort - Your Ultimate Cyber Fortress</elem>
</script></port>
<port protocol="tcp" portid="110"><state state="filtered" reason="no-response" reason_ttl="0"/><service name="pop3" method="table" conf="3"/></port>
<port protocol="tcp" portid="443"><state state="filtered" reason="no-response" reason_ttl="0"/><service name="https" method="table" conf="3"/></port>
</ports>
<times srtt="21" rttvar="5000" to="100000"/>
</host>
<runstats><finished time="1714119098" timestr="Fri Apr 26 13:41:38 2024" elapsed="89.70" summary="Nmap done at Fri Apr 26 13:41:38 2024; 1 IP address (1 host up) scanned in 89.70 seconds" exit="success"/><hosts up="1" down="0" total="1"/>
</runstats>
</nmaprun>
